{
  "medicalHouseList": [
    {"nihii": "81150002001", "name": "THUISVERPLEGING HUIZE MARIA", "address": {"street":  "Van Hemelrijcklei 90", "zip": "2930", "city" : "Brasschaat", "country" : "Belgium", "telecom": {"phone":  "03 651 71 52"}}},
    {"nihii": "81150297101", "name": "GENEESKUNDE VOOR HET VOLK HOBOKEN", "address": {"street":  "Cdt. Weynsstraat 85", "zip":  "2660", "city" : "Antwerpen", "country" : "Belgium", "telecom": {"phone":  "03 828 02 43"}}},
    {"nihii": "81150396111", "name": "WIJKGEZONDHEIDSCENTRUM 'T SPOOR", "address": {"street":  "Kwekerijstraat 75", "zip":  "2140", "city" : "Antwerpen", "country" : "Belgium", "telecom": {"phone":  "03 217 21 10"}}},
    {"nihii": "81150495101", "name": "WIJKGEZONDHEIDSCENTRUM DE REGENT", "address": {"street":  "Lange Beeldekensstraat 115", "zip":  "2060", "city" : "Antwerpen", "country" : "Belgium", "telecom": {"phone":  "03 217 97 90"}}},
    {"nihii": "81150594101", "name": "MEDISCH HUIS COLIN", "address": {"street":  "De Bruynlaan 70 bus 7", "zip":  "2610", "city" : "Wilrijk", "country" : "Belgium", "telecom": {"phone":  "03 830 45 45"}}},
    {"nihii": "81150693101", "name": "WIJKGEZONDHEIDSCENTRUM ZUIDRAND", "address": {"street":  "De Bosschaertstraat 289", "zip":  "2020", "city" : "Antwerpen", "country" : "Belgium", "telecom": {"phone":  "03 237 13 72"}}},
    {"nihii": "81150792101", "name": "MEDISCH HUIS MEDINET BEZALIST", "address": {"street":  "Zandweg 7", "zip":  "2040", "city" : "Antwerpen", "country" : "Belgium", "telecom": {"phone":  "03 500 81 01"}}},
    {"nihii": "81150891101", "name": "MEDISCH HUIS DE WIJKPRAKTIJK", "address": {"street":  "Paleisstraat 104", "zip":  "2018", "city" : "Antwerpen", "country" : "Belgium", "telecom": {"phone":  "03 369 39 99"}}},
    {"nihii": "81150990101", "name": "MEDISCH HUIS PRAKTIJKHUIS KORTE KLAREN", "address": {"street":  "Korte Klarenstraat 9A", "zip":  "2000", "city" : "Antwerpen", "country" : "Belgium", "telecom": {"phone":  "03 233 46 64"}}},
    {"nihii": "81250069111", "name": "WIJKGEZONDHEIDSCENTRUM WEL EN WEE", "address": {"street":  "Wollemarkt 9", "zip":  "2800", "city" : "Mechelen", "country" : "Belgium", "telecom": {"phone":  "015 20 20 78"}}},
    {"nihii": "81250168101", "name": "WIJKGEZONDHEIDSCENTRUM DE ZILVEREN KNOOP", "address": {"street":  "Brouwerijstraat 3", "zip":  "2500", "city" : "Lier", "country" : "Belgium", "telecom": {"phone":  "03 298 29 20"}}},
    {"nihii": "81250267101", "name": "WIJKGEZONDHEIDSCENTRUM DE WILLE", "address": {"street":  "Kapelstraat 4", "zip":  "2830", "city" : "Willebroek", "country" : "Belgium", "telecom": {"phone":  "03 500 50 12"}}},
    {"nihii": "81350039101", "name": "MEDISCH HUIS PRAKTIJKHUIS BAARLE", "address": {"street":  "Pastoor Van Herdegomstraat 17", "zip":  "2387", "city" : "Baarle-Hertog", "country" : "Netherlands", "telecom": {"phone":  "014 69 90 48"}}},
    {"nihii": "81950053101", "name": "MEDISCH HUIS DE FAMILIEPRAKTIJK", "address": {"street":  "Paashoekstraat 40a", "zip":  "2560", "city" : "Nijlen", "country" : "Belgium", "telecom": {"phone":  "03 481 86 76"}}},
    {"nihii": "81950152101", "name": "WGC HEIST-OP-DEN-BERG", "address": {"street":  "Cederstraat 20B", "zip":  "2020", "city" : "Heist-op-den-Berg", "country" : "Belgium", "telecom": {"phone":  "015 34 33 46"}}},
    {"nihii": "81950251101", "name": "WGC HERENTALS", "address": {"street":  "Nonnenstraat 12/bus 2", "zip":  "2200", "city" : "Herentals", "country" : "Belgium", "telecom": {"phone":  "014 14 01 04"}}},
    {"nihii": "82150090101", "name": "MEDECINE POUR LE PEUPLE SCHAERBEEK", "address": {"street":  "Chaussée de Haecht 276", "zip":  "1030", "city" : "Schaerbeek", "country" : "Belgium", "telecom": {"phone":  "02 245 98 50"}}},
    {"nihii": "82350030111", "name": "CENTRE DE SANTE LE GOELAND", "address": {"street":  "Rue de la Brasserie 189", "zip":  "1630", "city" : "Linkebeek", "country" : "Belgium", "telecom": {"phone":  "02 380 80 42"}}},
    {"nihii": "82350129111", "name": "WIJKGEZONDHEIDSCENTRUM DE VAART", "address": {"street":  "4, Bergstraat", "zip":  "1800", "city" : "Vilvoorde", "country" : "Belgium", "telecom": {"phone":  "02 252 57 77"}}},
    {"nihii": "82450097111", "name": "GEZONDHEIDSCENTRUM DE RIDDERBUURT", "address": {"street":  "Ierse Predikherenstraat 80", "zip":  "3000", "city" : "Leuven", "country" : "Belgium", "telecom": {"phone":  "016 23 09 03"}}},
    {"nihii": "82450196111", "name": "WIJKGEZONDHEIDSCENTRUM DE CENTRAL", "address": {"street":  "Diestsesteenweg 200", "zip":  "3010", "city" : "Leuven", "country" : "Belgium", "telecom": {"phone":  "016 85 34 10"}}},
    {"nihii": "82450295111", "name": "WIJKGEZONDHEIDSCENTRUM VIERKAPPES", "address": {"street":  "Kabbeekvest 77", "zip":  "3300", "city" : "Tienen", "country" : "Belgium", "telecom": {"phone":  "016 78 17 40"}}},
    {"nihii": "82450394111", "name": "WIJKGEZONDHEIDSCENTRUM CALEIDO", "address": {"street":  "Slachthuislaan 1 bus 00.03", "zip":  "3000", "city" : "Leuven", "country" : "Belgium", "telecom": {"phone":  "016 21 13 30"}}},
    {"nihii": "82550067111", "name": "ESPACE SANTE - MAISON MEDICALE D'OTTIGNIES", "address": {"street":  "Avenue des Combattants 47", "zip":  "1340", "city" : "Ottignies-Louvain-la-Neuve", "country" : "Belgium", "telecom": {"phone":  "010 40 22 65"}}},
    {"nihii": "82550166111", "name": "MAISON MEDICALE ATOUT SANTE", "address": {"street":  "Chaussée des Gaulois 13", "zip":  "1300", "city" : "Wavre", "country" : "Belgium", "telecom": {"phone":  "010 22 59 66"}}},
    {"nihii": "82550265101", "name": "MAISON MEDICALE DE LA THYLE", "address": {"street":  " Rue Emile Henricot 7", "zip":  "1490", "city" : "Court-St.-Étienne", "country" : "Belgium", "telecom": {"phone":  "010 77 00 73"}}},
    {"nihii": "82650037111", "name": "MAISON MEDICALE BOTANIQUE", "address": {"street":  "Rue Traversière 21", "zip":  "1210", "city" : "Saint-Josse-ten-Noode", "country" : "Belgium", "telecom": {"phone":  "02 219 02 59"}}},
    {"nihii": "82650136111", "name": "MAISON MEDICALE DU NORD", "address": {"street":  "Rue des Palais 10", "zip":  "1030", "city" : "Schaerbeek", "country" : "Belgium", "telecom": {"phone":  "02 218 28 42"}}},
    {"nihii": "82650235101", "name": "MAISON MEDICALE SAINTE-MARIE", "address": {"street":  "Rue Royale-Sainte-Marie 6", "zip":  "1030", "city" : "Schaerbeek", "country" : "Belgium", "telecom": {"phone":  "02 217 89 19"}}},
    {"nihii": "82650334111", "name": "CENTRE MEDICAL DES PALAIS", "address": {"street":  "Rue des Palais 57", "zip":  "1030", "city" : "Schaerbeek", "country" : "Belgium", "telecom": {"phone":  "02 242 19 15"}}},
    {"nihii": "82650433111", "name": "CENTRE MEDICAL DU MIROIR", "address": {"street":  "Rue du Miroir 67", "zip":  "1000", "city" : "Bruxelles", "country" : "Belgium", "telecom": {"phone":  "02 511 34 74"}}},
    {"nihii": "82650532111", "name": "MAISON MEDICALE LE NOYER", "address": {"street":  "Avenue Félix Marchal 1/A", "zip":  "1030", "city" : "Schaerbeek", "country" : "Belgium", "telecom": {"phone":  "02 734 24 53"}}},
    {"nihii": "82650631111", "name": "MAISON MEDICALE DE LAEKEN", "address": {"street":  "Rue Ketels 2", "zip":  "1020", "city" : "Bruxelles", "country" : "Belgium", "telecom": {"phone":  "02 426 46 91"}}},
    {"nihii": "82650730111", "name": "MAISON MEDICALE DE LA SENNE", "address": {"street":  "Rue Camusel 5", "zip":  "1000", "city" : "Bruxelles", "country" : "Belgium", "telecom": {"phone":  "02 513 57 54"}}},
    {"nihii": "82650829111", "name": "MAISON MEDICALE CITE SANTE", "address": {"street":  "10 avenue des Amandiers", "zip":  "1020", "city" : "Laeken", "country" : "Belgium", "telecom": {"phone":  "02 476 00 04"}}},
    {"nihii": "82650928111", "name": "MAISON MEDICALE NEPTUNE", "address": {"street":  "Avenue Voltaire 88", "zip":  "1030", "city" : "Schaerbeek", "country" : "Belgium", "telecom": {"phone":  "02 243 05 85"}}},
    {"nihii": "82651027111", "name": "MAISON MEDICALE DES MAROLLES", "address": {"street":  "Rue Blaes 120", "zip":  "1000", "city" : "Bruxelles", "country" : "Belgium", "telecom": {"phone":  "02 511 31 54"}}},
    {"nihii": "82651126110", "name": "ESPACE SANTE - MAISON MEDICALE ARCHIMEDE", "address": {"street":  "Avenue des Combattants 47", "zip":  "1340", "city" : "Ottignies-Louvain-la-Neuve", "country" : "Belgium", "telecom": {"phone":  "010 40 22 65"}}},
    {"nihii": "82651225111", "name": "MAISON MEDICALE DES RICHES CLAIRES", "address": {"street":  "Rue de la Buanderie 16", "zip":  "1000", "city" : "Bruxelles", "country" : "Belgium", "telecom": {"phone":  "02 513 59 94"}}},
    {"nihii": "82651324111", "name": "MAISON MEDICALE GLOBULE", "address": {"street":  "Avenue des Glycines 11", "zip":  "1030", "city" : "Schaerbeek", "country" : "Belgium", "telecom": {"phone":  "02 216 05 15"}}},
    {"nihii": "82651423101", "name": "MAISON MEDICALE L'ASTER", "address": {"street":  "Rue Josse Impens 58", "zip":  "1030", "city" : "Schaerbeek", "country" : "Belgium", "telecom": {"phone":  "02 216 12 62"}}},
    {"nihii": "82651522111", "name": "MAISON MEDICALE ENSEIGNEMENT", "address": {"street":  "Rue de l'Enseignement 54", "zip":  "1000", "city" : "Bruxelles", "country" : "Belgium", "telecom": {"phone":  "02 218 35 53"}}},
    {"nihii": "82651621111", "name": "MAISON MEDICALE PAVILLON SANTE", "address": {"street":  "Rue Stephenson 128", "zip":  "1000", "city" : "Bruxelles", "country" : "Belgium", "telecom": {"phone":  "02 216 02 43"}}},
    {"nihii": "82651720101", "name": "MAISON MEDICALE SANTE & BIEN-ETRE", "address": {"street":  "Rue Dr Elie Lambotte 35", "zip":  "1030", "city" : "Schaerbeek", "country" : "Belgium", "telecom": {"phone":  "02 215 27 93"}}},
    {"nihii": "82651918111", "name": "MAISON MEDICALE DU BEGUIGNAGE", "address": {"street":  "Rue de Laeken 89", "zip":  "1000", "city" : "Bruxelles", "country" : "Belgium", "telecom": {"phone":  "02 201 64 28"}}},
    {"nihii": "82652017101", "name": "CENTRE MEDICAL SANTE SANS FRONTIERES", "address": {"street":  "Avenue Rogier 54", "zip":  "1030", "city" : "Schaerbeek", "country" : "Belgium", "telecom": {"phone":  "02 241 00 32"}}},
    {"nihii": "82652116111", "name": "BOCKSTAEL MEDICAL CENTER", "address": {"street":  "Boulevard Emile Bockstael 155", "zip":  "1020", "city" : "Bruxelles", "country" : "Belgium", "telecom": {"phone":  "02 421 02 60"}}},
    {"nihii": "82652215101", "name": "MAISON MEDICALE MEDILAEKEN", "address": {"street":  "Rue Ketels 2", "zip":  "1020", "city" : "Laeken", "country" : "Belgium", "telecom": {"phone":  "02 426 46 91"}}},
    {"nihii": "82652314111", "name": "MAISON MEDICALE CASSIOPEE", "address": {"street":  "Rue de la Poste 188", "zip":  "1030", "city" : "Schaerbeek", "country" : "Belgium", "telecom": {"phone":  "02 240 60 90"}}},
    {"nihii": "82652413111", "name": "MAISON MEDICALE ANNEESSENS", "address": {"street":  "Place Anneessens 17", "zip":  "1000", "city" : "Bruxelles", "country" : "Belgium", "telecom": {"phone":  "02 511 18 18"}}},
    {"nihii": "82652512111", "name": "MAISON MEDICALE ATLAS", "address": {"street":  "Rue du Vallon 16", "zip":  "1210", "city" : "Saint-Josse-ten-Noode", "country" : "Belgium", "telecom": {"phone":  "02 201 75 01"}}},
    {"nihii": "82652611111", "name": "MAISON MEDICALE AVICENNE", "address": {"street":  "Chaussée de Louvain 537", "zip":  "1030", "city" : "Schaerbeek", "country" : "Belgium", "telecom": {"phone":  "02 310 35 37"}}},
    {"nihii": "82652710111", "name": "CENTRE MEDICAL LEMONNIER", "address": {"street":  "Boulevard Maurice Lemonnier 94", "zip":  "1000", "city" : "Bruxelles", "country" : "Belgium", "telecom": {"phone":  "02 511 90 94"}}},
    {"nihii": "82652809111", "name": "MAISON MEDICALE UNIVERS SANTE", "address": {"street":  "Gulledelle 92", "zip":  "1200", "city" : "Woluwe-Saint-Lambert", "country" : "Belgium", "telecom": {"phone":  "02 762 93 82"}}},
    {"nihii": "82652908111", "name": "MAISON MEDICALE ENTR'AIDE DES MAROLLES", "address": {"street":  "Rue des Tanneurs 169", "zip":  "1000", "city" : "Bruxelles", "country" : "Belgium", "telecom": {"phone":  "02 510 01 80"}}},
    {"nihii": "82653007101", "name": "MAISON MEDICALE UNIVERSELLE", "address": {"street":  "Avenue du Suffrage Universel", "zip":  "1030", "city" : "Schaerbeek", "country" : "Belgium", "telecom": {"phone":  "02 245 51 11"}}},
    {"nihii": "82653106101", "name": "MAISON MEDICALE DU MIDI", "address": {"street":  "Rue Philippe de Champagne 8", "zip":  "1000", "city" : "Bruxelles", "country" : "Belgium", "telecom": {"phone":  "02 503 23 58"}}},
    {"nihii": "82653205101", "name": "CENTRE DE SANTE MEDISINA", "address": {"street":  "Avenue Eugene Plasky 121", "zip":  "1030", "city" : "Schaerbeek", "country" : "Belgium", "telecom": {"phone":  "02 735 37 74"}}},
    {"nihii": "82653304111", "name": "MAISON MEDICALE S.O.S MEDICAL CONSULT", "address": {"street":  "Place de Houffalize 18", "zip":  "1030", "city" : "Bruxelles", "country" : "Belgium", "telecom": {"phone":  "02 241 48 18"}}},
    {"nihii": "82653403101", "name": "MAISON MEDICALE VISA SANTE", "address": {"street":  "Yorkshirelaan 13/1", "zip":  "1200", "city" : "Sint-Lambrechts-Woluwe", "country" : "Belgium", "telecom": {"phone":  "02 318 59 27"}}},
    {"nihii": "82653502111", "name": "MAISON MEDICALE DE WAND", "address": {"street":  "Avenue de la Brise 48", "zip":  "1020", "city" : "Bruxelles", "country" : "Belgium", "telecom": {"phone":  "02 270 37 44"}}},
    {"nihii": "82653601101", "name": "MAISON MEDICALE ESPERANCE SANTE", "address": {"street":  "Avenue des Croix de Guerre 94", "zip":  "1120", "city" : "Bruxelles", "country" : "Belgium", "telecom": {"phone":  "02 899 97 68"}}},
    {"nihii": "82653797101", "name": "CENTRE DE MEDECINE GENERALE VAN HAMMEE", "address": {"street":  "Rue Van Hammée 17", "zip":  "1030", "city" : "Schaerbeek", "country" : "Belgium", "telecom": {"phone":  "02 453 08 55"}}},
    {"nihii": "82750007101", "name": "MAISON MEDICALE WATERMAEL-BOITSFORT / AUDERGHEM", "address": {"street":  "Avenue Pré des Agneaux 4", "zip":  "1170", "city" : "Watermael-Boitsfort", "country" : "Belgium", "telecom": {"phone":  "02 660 96 34"}}},
    {"nihii": "82750106111", "name": "MAISON MEDICALE COULEURS SANTE", "address": {"street":  "Chaussée de Boondael 206", "zip":  "1050", "city" : "Ixelles", "country" : "Belgium", "telecom": {"phone":  "02 640 59 33"}}},
    {"nihii": "82750205101", "name": "CENTRE AFRICAIN PROMOTION-SANTE", "address": {"street":  "Rue Longue Vie 56", "zip":  "1050", "city" : "Ixelles", "country" : "Belgium", "telecom": {"phone":  "02 511 58 49"}}},
    {"nihii": "82750304111", "name": "MAISON MEDICALE DU MAELBEEK", "address": {"street":  "Rue de l'Etang 131", "zip":  "1040", "city" : "Etterbeek", "country" : "Belgium", "telecom": {"phone":  "02 649 38 55"}}},
    {"nihii": "82850074111", "name": "MAISON MEDICALE DE FOREST", "address": {"street":  "Rue du Curé 9", "zip":  "1190", "city" : "Bruxelles", "country" : "Belgium", "telecom": {"phone":  "02 376 16 82"}}},
    {"nihii": "82850173111", "name": "MAISON MEDICALE SANTE PLURIELLE", "address": {"street":  "Rue de la Victoire 110", "zip":  "1060", "city" : "Saint-Gilles", "country" : "Belgium", "telecom": {"phone":  "02 537 71 24"}}},
    {"nihii": "82850272111", "name": "MAISON MEDICALE D'ANDERLECHT", "address": {"street":  "Avenue Clemenceau 98", "zip":  "1070", "city" : "Anderlecht", "country" : "Belgium", "telecom": {"phone":  "02 521 30 44"}}},
    {"nihii": "82850371111", "name": "MAISON MEDICALE ETOILE SANTE", "address": {"street":  "Rue de Stalle 171", "zip":  "1180", "city" : "Uccle", "country" : "Belgium", "telecom": {"phone":  "02 376 72 22"}}},
    {"nihii": "82850470111", "name": "MAISON MEDICALE HORIZONS", "address": {"street":  "Rue du Drapeau 5", "zip":  "1070", "city" : "Anderlecht", "country" : "Belgium", "telecom": {"phone":  "02 558 03 80"}}},
    {"nihii": "82850569101", "name": "WIJKGEZONDHEIDSCENTRUM MEDIKUREGEM", "address": {"street":  "Rue Joseph Dujardin 812", "zip":  "1070", "city" : "Bruxelles", "country" : "Belgium", "telecom": {"phone":  "02 522 32 87"}}},
    {"nihii": "82850668111", "name": "MAISON MEDICALE DES PRIMEURS", "address": {"street":  "Avenue du Pont de Luttre 95", "zip":  "1190", "city" : "Forest", "country" : "Belgium", "telecom": {"phone":  "02 340 33 50"}}},
    {"nihii": "82850767111", "name": "MAISON MEDICALE PERSPECTIVE", "address": {"street":  "Rue Alexandre Pierrard 3", "zip":  "1070", "city" : "Anderlecht", "country" : "Belgium", "telecom": {"phone":  "02 526 55 50"}}},
    {"nihii": "82850965111", "name": "CENTRE MEDICAL RHAZES", "address": {"street":  "Chaussée de Mons 112", "zip":  "1070", "city" : "Anderlecht", "country" : "Belgium", "telecom": {"phone":  "02 522 00 12"}}},
    {"nihii": "82851064111", "name": "MAISON MEDICALE 1190", "address": {"street":  "Avenue Wielemans Ceuppens 45", "zip":  "1190", "city" : "Forest", "country" : "Belgium", "telecom": {"phone":  "02 347 54 74"}}},
    {"nihii": "82851163111", "name": "MAISON MEDICALE ASASO", "address": {"street":  "Rue Théodore Verhaegen 23", "zip":  "1060", "city" : "Saint-Gilles", "country" : "Belgium", "telecom": {"phone":  "02 539 13 50"}}},
    {"nihii": "82851262111", "name": "MAISON MEDICALE UCCLE-CENTRE", "address": {"street":  "Chaussée d'Alsemberg 855", "zip":  "1180", "city" : "Uccle", "country" : "Belgium", "telecom": {"phone":  "02 331 51 64"}}},
    {"nihii": "82851361111", "name": "MAISON MEDICALE SOINS POUR TOUS 1070", "address": {"street":  "Chaussée de Mons 814", "zip":  "1070", "city" : "Anderlecht", "country" : "Belgium", "telecom": {"phone":  "02 880 01 55"}}},
    {"nihii": "82851460111", "name": "MAISON MEDICALE ARNICA", "address": {"street":  "Rue Van Soust 109", "zip":  "1070", "city" : "Bruxelles", "country" : "Belgium", "telecom": {"phone":  "02 527 26 61"}}},
    {"nihii": "82851559111", "name": "MAISON MEDICALE GALILEE", "address": {"street":  "Rue Émile Féron 27", "zip":  "1060", "city" : "Saint-Gilles", "country" : "Belgium", "telecom": {"phone":  "02 539 29 58"}}},
    {"nihii": "82851658101", "name": "MAISON MEDICALE SAINT-GUIDON", "address": {"street":  "Avenue Paul Janson 44", "zip":  "1070", "city" : "Anderlecht", "country" : "Belgium", "telecom": {"phone":  "02 527 97 90"}}},
    {"nihii": "82950044111", "name": "MAISON MEDICALE ESSEGHEM", "address": {"street":  "Rue Esseghem 24", "zip":  "1090", "city" : "Jette", "country" : "Belgium", "telecom": {"phone":  "02 424 25 40"}}},
    {"nihii": "82950143111", "name": "MAISON MEDICALE KATTEBROEK", "address": {"street":  "Avenue du Roi Albert 24", "zip":  "1082", "city" : "Bruxelles", "country" : "Belgium", "telecom": {"phone":  "02 469 10 17"}}},
    {"nihii": "82950242111", "name": "MAISON MEDICALE ANTENNE TOURNESOL", "address": {"street":  "Rue Henri Werrie 69", "zip":  "1090", "city" : "Jette", "country" : "Belgium", "telecom": {"phone":  "02 420 48 67"}}},
    {"nihii": "82950341111", "name": "CENTRE MEDICAL MARITIME", "address": {"street":  "Rue Ulens ,61", "zip":  "1080", "city" : "Molenbeek-Saint-Jean", "country" : "Belgium", "telecom": {"phone":  "02 428 97 67"}}},
    {"nihii": "82950440101", "name": "MEDECINE POUR LE PEUPLE MOLENBEEK", "address": {"street":  "Rue Ransfort 70", "zip":  "1080", "city" : "Molenbeek-Saint-Jean", "country" : "Belgium", "telecom": {"phone":  "02 411 11 03"}}},
    {"nihii": "82950539111", "name": "CENTRE DE SANTE DE BRUG - LA PASSERELLE", "address": {"street":  "Rue de l'Indépendance 144", "zip":  "1080", "city" : "Molenbeek-Saint-Jean", "country" : "Belgium", "telecom": {"phone":  "02 411 18 38"}}},
    {"nihii": "82950638111", "name": "MAISON MEDICALE CALENDULA", "address": {"street":  "Rue de l'Eglise Saint-Martin 55", "zip":  "1083", "city" : "Ganshoren", "country" : "Belgium", "telecom": {"phone":  "02 420 20 89"}}},
    {"nihii": "82950737111", "name": "MAISON MEDICALE NORMAN BETHUNE", "address": {"street":  "Rue Piers 68", "zip":  "1080", "city" : "Molenbeek-Saint-Jean", "country" : "Belgium", "telecom": {"phone":  "02 411 98 18"}}},
    {"nihii": "82950836111", "name": "CENTRE MEDICAL BELGICA", "address": {"street":  "Rue de la Meuse 46", "zip":  "1080", "city" : "Molenbeek-Saint-Jean", "country" : "Belgium", "telecom": {"phone":  "02 421 01 60"}}},
    {"nihii": "82950935111", "name": "MAISON MEDICALE DUCHESSE", "address": {"street":  "Place de la Duchesse de Brabant 30", "zip":  "1080", "city" : "Molenbeek-Saint-Jean", "country" : "Belgium", "telecom": {"phone":  "02 410 54 45"}}},
    {"nihii": "82951034111", "name": "MAISON MEDICALE LES PRIMEVERES", "address": {"street":  "Rue Vandernoot 26", "zip":  "1080", "city" : "Molenbeek-Saint-Jean", "country" : "Belgium", "telecom": {"phone":  "02 428 01 18"}}},
    {"nihii": "82951133111", "name": "MAISON MEDICALE SOINS POUR TOUS", "address": {"street":  "Square Edmond Machtens 18", "zip":  "1080", "city" : "Molenbeek-Saint-Jean", "country" : "Belgium", "telecom": {"phone":  "02 880 65 67"}}},
    {"nihii": "82951232111", "name": "MAISON MEDICALE DU VIEUX MOLENBEEK", "address": {"street":  "Rue des Quatre-Vents 68/A", "zip":  "1080", "city" : "Molenbeek-Saint-Jean", "country" : "Belgium", "telecom": {"phone":  "02 410 26 15"}}},
    {"nihii": "82951331101", "name": "MAISON MEDICALE KARREVELD", "address": {"street":  "Chaussée de Gand 406", "zip":  "1080", "city" : "Molenbeek-Saint-Jean", "country" : "Belgium", "telecom": {"phone":  "02 410 02 38"}}},
    {"nihii": "82951430111", "name": "MAISON MEDICALE MEDI-YEN", "address": {"street":  "Avenue Jean Dubrucq 98a", "zip":  "1080", "city" : "Molenbeek-Saint-Jean", "country" : "Belgium", "telecom": {"phone":  "02 421 07 90"}}},
    {"nihii": "82951529111", "name": "CENTRE MEDICAL MEDIGAND", "address": {"street":  "Chaussée de Gand 48", "zip":  "1080", "city" : "Molenbeek-Saint-Jean", "country" : "Belgium", "telecom": {"phone":  "02 414 32 72"}}},
    {"nihii": "83150081101", "name": "WIJKGEZONDHEIDSCENTRUM DE BRUGGEN", "address": {"street":  "Sint-Pietersnoordstraat 40A", "zip":  "8000", "city" : "Brugge", "country" : "Belgium", "telecom": {"phone":  "050 31 55 01"}}},
    {"nihii": "83450088101", "name": "EERSTELIJNSGEZONDHEIDSZORGCENTRUM DE PIRAMIDE", "address": {"street":  "LEOPOLDSTRAAT 70", "zip":  "8930", "city" : "MENEN", "country" : "Belgium", "telecom": {"phone":  "056 51 50 90"}}},
    {"nihii": "83550058101", "name": "WIJKGEZONDHEIDSCENTRUM DE HOEK", "address": {"street":  "Gelijkheidstraat 1", "zip":  "8400", "city" : "Oostende", "country" : "Belgium", "telecom": {"phone":  "059 70 37 00"}}},
    {"nihii": "84150072111", "name": "WIJKGEZONDHEIDSCENTRUM DAENSHUIS", "address": {"street":  "Sinte Annalaan 41/bus", "zip":  "9300", "city" : "Aalst", "country" : "Belgium", "telecom": {"phone":  "053 78 10 16"}}},
    {"nihii": "84350012101", "name": "GENEESKUNDE VOOR HET VOLK ZELZATE", "address": {"street":  "Hoogbouwplein 6", "zip":  "9060", "city" : "Zelzate", "country" : "Belgium", "telecom": {"phone":  "09 344 92 44"}}},
    {"nihii": "84450079111", "name": "WIJKGEZONDHEIDSCENTRUM DE SLEEP", "address": {"street":  "Désiré Fiévéstraat 31", "zip":  "9000", "city" : "Gent", "country" : "Belgium", "telecom": {"phone":  "09 223 29 23"}}},
    {"nihii": "84450178101", "name": "WIJKGEZONDHEIDSCENTRUM BOTERMARKT", "address": {"street":  "Hundelgemsesteenweg 145", "zip":  "9050", "city" : "Gent", "country" : "Belgium", "telecom": {"phone":  "09 232 32 33"}}},
    {"nihii": "84450277111", "name": "WIJKGEZONDHEIDSCENTRUM BRUGSE POORT", "address": {"street":  "Emilius Seghersplein 16", "zip":  "9000", "city" : "Gent", "country" : "Belgium", "telecom": {"phone":  "09 226 10 49"}}},
    {"nihii": "84450376111", "name": "WIJKGEZONDHEIDSCENTRUM NIEUW GENT", "address": {"street":  "Rerum-Novarumplein 182", "zip":  "9000", "city" : "Gent", "country" : "Belgium", "telecom": {"phone":  "09 221 21 81"}}},
    {"nihii": "84450475111", "name": "WIJKGEZONDHEIDSCENTRUM DE KAAI", "address": {"street":  "Maïsstraat 380", "zip":  "9000", "city" : "Gent", "country" : "Belgium", "telecom": {"phone":  "09 216 86 50"}}},
    {"nihii": "84450574111", "name": "WIJKGEZONDHEIDSCENTRUM RABOT", "address": {"street":  "Begijnhoflaan 43", "zip":  "9000", "city" : "Gent", "country" : "Belgium", "telecom": {"phone":  "09 277 10 77"}}},
    {"nihii": "84450673101", "name": "WIJKGEZONDHEIDSCENTRUM WATERSPORTBAAN", "address": {"street":  "Nekkersberglaan 518", "zip":  "9000", "city" : "Gent", "country" : "Belgium", "telecom": {"phone":  "09 222 26 46"}}},
    {"nihii": "84450772111", "name": "WIJKGEZONDHEIDSCENTRUM KAPELLENBERG", "address": {"street":  "Land van Waaslaan 130", "zip":  "9040", "city" : "Gent", "country" : "Belgium", "telecom": {"phone":  "09 285 70 00"}}},
    {"nihii": "84450871101", "name": "WIJKGEZONDHEIDSCENTRUM DE PUNT", "address": {"street":  "Tweekapellenstraat 45", "zip":  "9050", "city" : "Gent", "country" : "Belgium", "telecom": {"phone":  "09 331 53 70"}}},
    {"nihii": "84450970111", "name": "WIJKGEZONDHEIDSCENTRUM MALPERTUUS", "address": {"street":  "Brugsesteenweg 214", "zip":  "9000", "city" : "Gent", "country" : "Belgium", "telecom": {"phone":  "09 277 97 77"}}},
    {"nihii": "84650019111", "name": "WIJKGEZONDHEIDSCENTRUM DE VLIER", "address": {"street":  "Truweelstraat 114", "zip":  "9100", "city" : "Sint-Niklaas", "country" : "Belgium", "telecom": {"phone":  "03 766 18 38"}}},
    {"nihii": "84650118101", "name": "GEZONDHEIDSCENTRUM LOKEREN", "address": {"street":  "Patershof 33", "zip":  "9160", "city" : "Lokeren", "country" : "Belgium", "telecom": {"phone":  "09 348 66 62"}}},
    {"nihii": "85250033111", "name": "MAISON MEDICALE LA GLAISE", "address": {"street":  "Rue Léon Dubois 241", "zip":  "6030", "city" : "Charleroi", "country" : "Belgium", "telecom": {"phone":  "071 31 87 47"}}},
    {"nihii": "85250132101", "name": "COLLECTIF DE SANTE DE CHARLEROI NORD", "address": {"street":  "Rue Dourlet 94", "zip":  "6000", "city" : "Charleroi", "country" : "Belgium", "telecom": {"phone":  "071 41 53 24"}}},
    {"nihii": "85250231111", "name": "MAISON MEDICALE LA BRECHE", "address": {"street":  "Place Wilson 126", "zip":  "6200", "city" : "Châtelet", "country" : "Belgium", "telecom": {"phone":  "071 39 79 65"}}},
    {"nihii": "85250330101", "name": "MEDECINE POUR LE PEUPLE MARCINELLE", "address": {"street":  "Rue de la Vieille Place 67", "zip":  "6001", "city" : "Charleroi", "country" : "Belgium", "telecom": {"phone":  "071 47 64 96"}}},
    {"nihii": "85250429101", "name": "MAISON MEDICALE DE RANSART", "address": {"street":  "Place François Goffe 32", "zip":  "6043", "city" : "Ransart", "country" : "Belgium", "telecom": {"phone":  "071 35 31 51"}}},
    {"nihii": "85250528101", "name": "MAISON MEDICALE LES GENETS", "address": {"street":  "Rue du Bois des Cloches 52", "zip":  "6010", "city" : "Charleroi", "country" : "Belgium", "telecom": {"phone":  "071 43 52 14"}}},
    {"nihii": "85250627111", "name": "MAISON MEDICALE DE DAMPREMY", "address": {"street":  "Rue du Phénix 3", "zip":  "6020", "city" : "Charleroi", "country" : "Belgium", "telecom": {"phone":  "071 14 01 40"}}},
    {"nihii": "85250726101", "name": "MAISON MEDICALE ESPACE TEMPS", "address": {"street":  "Chaussée Impériale 91", "zip":  "6060", "city" : "Gilly", "country" : "Belgium", "telecom": {"phone":  "071 42 31 11"}}},
    {"nihii": "85350003111", "name": "MAISON MEDICALE L'ALIZE", "address": {"street":  "Rue de la Poudrière 82", "zip":  "7390", "city" : "Quaregnon", "country" : "Belgium", "telecom": {"phone":  "065 79 45 01"}}},
    {"nihii": "85350201111", "name": "MAISON MEDICALE L'ETOILE", "address": {"street":  "Place Calmette 16", "zip":  "7080", "city" : "Frameries", "country" : "Belgium", "telecom": {"phone":  "065 67 38 90"}}},
    {"nihii": "85350397111", "name": "MAISON MEDICALE L'ATLANTE", "address": {"street":  "Rue de l'Industrie 94", "zip":  "7330", "city" : "Saint-Ghislain", "country" : "Belgium", "telecom": {"phone":  "064 66 43 47"}}},
    {"nihii": "85550040111", "name": "MAISON MEDICALE LE VAL D' HAINE", "address": {"street":  "Rue de Nivelles 240", "zip":  "7110", "city" : "Strépy-Bracquegnies", "country" : "Belgium", "telecom": {"phone":  "065 75 58 05"}}},
    {"nihii": "85550139101", "name": "MEDECINE POUR LE PEUPLE LA LOUVIERE", "address": {"street":  "Rue de Bouvy 63/65", "zip":  "7100", "city" : "La Louvière", "country" : "Belgium", "telecom": {"phone":  "064 21 74 50"}}},
    {"nihii": "85550238111", "name": "MAISON MEDICALE LA SOURCE VITALE", "address": {"street":  "Rue du Manoir Saint-Jean 1a", "zip":  "7070", "city" : "Le Rœulx", "country" : "Belgium", "telecom": {"phone":  "064 86 02 94"}}},
    {"nihii": "85750077111", "name": "MAISON MEDICALE LE GUE TOURNAI", "address": {"street":  "Rue Saint-Piat 56", "zip":  "7500", "city" : "Tournai", "country" : "Belgium", "telecom": {"phone":  "069 22 28 37"}}},
    {"nihii": "85750275111", "name": "MAISON MEDICALE LA VENELLE", "address": {"street":  "Rue de la Madeleine 62", "zip":  "7500", "city" : "Tournai", "country" : "Belgium", "telecom": {"phone":  "069 84 87 33"}}},
    {"nihii": "86150054111", "name": "CENTRE DE SANTE INTEGRE CAP SANTE", "address": {"street":  "Avenue du Ponant 16", "zip":  "5030", "city" : "Gembloux", "country" : "Belgium", "telecom": {"phone":  "081 61 29 38"}}},
    {"nihii": "86250123111", "name": "MAISON MEDICALE BAUTISTA VAN SCHOWEN", "address": {"street":  "Rue de la Baume 215", "zip":  "4100", "city" : "Seraing", "country" : "Belgium", "telecom": {"phone":  "04 336 88 77"}}},
    {"nihii": "86250222111", "name": "MAISON MEDICALE LA PASSERELLE", "address": {"street":  "Rue Gaston Grégoire, 16", "zip":  "4020", "city" : "LIEGE", "country" : "Belgium", "telecom": {"phone":  "04 344 94 44"}}},
    {"nihii": "86250321111", "name": "MAISON MEDICALE D'OUGREE", "address": {"street":  "Rue de la Rose 163", "zip":  "4102", "city" : "Seraing", "country" : "Belgium", "telecom": {"phone":  "04 337 80 80"}}},
    {"nihii": "86250420111", "name": "CENTRE DE SANTE DE TILLEUR", "address": {"street":  "Rue Malgarny 2", "zip":  "4420", "city" : "Saint-Nicolas", "country" : "Belgium", "telecom": {"phone":  "04 233 14 79"}}},
    {"nihii": "86250519111", "name": "MAISON MEDICALE AQUARELLE", "address": {"street":  "Rue Mathieu de Lexhy 170", "zip":  "4460", "city" : "Grâce-Hollogne", "country" : "Belgium", "telecom": {"phone":  "04 234 22 44"}}},
    {"nihii": "86250618111", "name": "MAISON MEDICALE LE CADRAN", "address": {"street":  "Rue Ste Marguerite 124", "zip":  "4000", "city" : "Liège", "country" : "Belgium", "telecom": {"phone":  "04 224 94 44"}}},
    {"nihii": "86250717111", "name": "MAISON MEDICALE L'HERMA", "address": {"street":  "Rue Natalis 73", "zip":  "4020", "city" : "Liège", "country" : "Belgium", "telecom": {"phone":  "04 344 55 40"}}},
    {"nihii": "86250816111", "name": "MAISON MEDICALE AGORA", "address": {"street":  "Rue de Rotheux 164", "zip":  "4100", "city" : "Seraing", "country" : "Belgium", "telecom": {"phone":  "04 338 53 43"}}},
    {"nihii": "86250915111", "name": "MAISON MEDICALE L'ATOLL", "address": {"street":  "Rue Large Voie 5", "zip":  "4040", "city" : "Herstal", "country" : "Belgium", "telecom": {"phone":  "04 264 64 84"}}},
    {"nihii": "86251014111", "name": "MAISON MEDICALE LA LEGIA", "address": {"street":  "Rue Gilles Magnée", "zip":  "4430", "city" : "Ans", "country" : "Belgium", "telecom": {"phone":  "04 247 42 48"}}},
    {"nihii": "86251113111", "name": "MAISON MEDICALE TOURNESOL", "address": {"street":  "Grand'Route 240", "zip":  "4400", "city" : "Flémalle", "country" : "Belgium", "telecom": {"phone":  "04 234 00 15"}}},
    {"nihii": "86251212111", "name": "MAISON MEDICALE DU LAVEU", "address": {"street":  "Rue du Laveu 74", "zip":  "4000", "city" : "Liège", "country" : "Belgium", "telecom": {"phone":  "04 253 69 53"}}},
    {"nihii": "86251311111", "name": "MAISON MEDICALE SOLIDARITES", "address": {"street":  "Rue du Val Saint-Lambert 219", "zip":  "4100", "city" : "Seraing", "country" : "Belgium", "telecom": {"phone":  "04 338 01 55"}}},
    {"nihii": "86251410111", "name": "MEDECINE POUR LE PEUPLE HERSTAL", "address": {"street":  "Avenue Francisco Ferrer 26", "zip":  "4040", "city" : "Herstal", "country" : "Belgium", "telecom": {"phone":  "04 264 73 33"}}},
    {"nihii": "86251509111", "name": "MAISON MEDICALE LES HOULPAYS", "address": {"street":  "Rue Thier de la Chartreuse 2", "zip":  "4020", "city" : "Liège", "country" : "Belgium", "telecom": {"phone":  "04 345 07 87"}}},
    {"nihii": "86251608100", "name": "CABINET MEDICAL DR MASSOZ", "address": {"street":  "Rue Général de Gaulle 70", "zip":  "4200", "city" : "Liège", "country" : "Belgium", "telecom": {"phone":  "04 340 00 36"}}},
    {"nihii": "86251707111", "name": "MAISON MEDICALE SAINT-LEONARD", "address": {"street":  "Rue Maghin 74", "zip":  "4000", "city" : "Liège", "country" : "Belgium", "telecom": {"phone":  "04 227 13 43"}}},
    {"nihii": "86251806111", "name": "CENTRE DE SANTE DE L'AMBLEVE", "address": {"street":  "Rue de Septroux 5 4920 Aywaille", "zip":  "4920", "city" : "Aywaille", "country" : "Belgium", "telecom": {"phone":  "04 384 30 30"}}},
    {"nihii": "86251905111", "name": "MAISON MEDICALE NOUVELLE ERE", "address": {"street":  "Rue de la Rose 12", "zip":  "4102", "city" : "Seraing", "country" : "Belgium", "telecom": {"phone":  "04 338 00 43"}}},
    {"nihii": "86252004101", "name": "MEDECINE POUR LE PEUPLE SERAING", "address": {"street":  "Rue de Plainevaux 5", "zip":  "4100", "city" : "Seraing", "country" : "Belgium", "telecom": {"phone":  "04 385 02 42"}}},
    {"nihii": "86252103101", "name": "CENTRE DE SANTE INTEGREE DES CARRIERES", "address": {"street":  "Rue Vieille Voie de Liège 1", "zip":  "4140", "city" : "Sprimont", "country" : "Belgium", "telecom": {"phone":  ""}}},
    {"nihii": "86252301111", "name": "CENTRE MEDICAL DES MARETS", "address": {"street":  "Rue Ferrer 116", "zip":  "4110", "city" : "Seraing", "country" : "Belgium", "telecom": {"phone":  ""}}},
    {"nihii": "86252497111", "name": "CENTRE DE SANTE INTEGRE HELIOS", "address": {"street":  "Boulevard d'Avroy 51", "zip":  "4000", "city" : "Liège", "country" : "Belgium", "telecom": {"phone":  "04 222 26 93"}}},
    {"nihii": "86252596111", "name": "MAISON MEDICALE TROOZ SANTE", "address": {"street":  "Rue Grand'Rue 64", "zip":  "4870", "city" : "Trooz", "country" : "Belgium", "telecom": {"phone":  "04 267 08 90"}}},
    {"nihii": "86252695111", "name": "CENTRE MEDICAL LEMAN", "address": {"street":  "Avenue du Général Leman 12", "zip":  "4101", "city" : "Jemeppe-sur-Meuse", "country" : "Belgium", "telecom": {"phone":  "04 234 34 44"}}},
    {"nihii": "86252794101", "name": "CABINET MEDIC'ALL", "address": {"street":  "Rue du Commandant Charlier 18", "zip":  "4100", "city" : "Seraing", "country" : "Belgium", "telecom": {"phone":  "04 337 43 16"}}},
    {"nihii": "86252893111", "name": "MAISON DE SANTE ANS'EMBLE", "address": {"street":  "Rue de l'Yser 53", "zip":  "4430", "city" : "Ans", "country" : "Belgium", "telecom": {"phone":  "04 384 32 52"}}},
    {"nihii": "86252992111", "name": "CENTRE MÉDICAL INTÉGRÉ DR RIZZO", "address": {"street":  "Rue de l'Ecureuil 37", "zip":  "4100", "city" : "Seraing", "country" : "Belgium", "telecom": {"phone":  "04 336 72 90"}}},
    {"nihii": "86253091101", "name": "MAISON MEDICALE D'ANGLEUR", "address": {"street":  "Rue Vaudrée 48", "zip":  "4031", "city" : "Liège", "country" : "Belgium", "telecom": {"phone":  "04 382 30 88"}}},
    {"nihii": "86253190111", "name": "MAISON MEDICALE HUMILIS", "address": {"street":  "Avenue Albert Mahiels 6", "zip":  "4020", "city" : "Liège", "country" : "Belgium", "telecom": {"phone":  "04 344 58 40"}}},
    {"nihii": "86253289111", "name": "MAISON MEDICALE RIVE DROIXHE", "address": {"street":  "Rue du Moulin 217", "zip":  "4020", "city" : "Liège", "country" : "Belgium", "telecom": {"phone":  "04 377 37 70"}}},
    {"nihii": "86350091111", "name": "MAISON MEDICALE MOSAÏQUE", "address": {"street":  "Rue des Sottais 1", "zip":  "4800", "city" : "Verviers", "country" : "Belgium", "telecom": {"phone":  "087 31 62 90"}}},
    {"nihii": "86350190111", "name": "MAISON MEDICALE LA BULLE D'AIR", "address": {"street":  "Rue Albert Ier 75", "zip":  "4820", "city" : "Dison", "country" : "Belgium", "telecom": {"phone":  "087 68 88 85"}}},
    {"nihii": "86350289111", "name": "CENTRE MEDICAL THIER MERE DIEU", "address": {"street":  "Thier Mère Dieu 12", "zip":  "4800", "city" : "Verviers", "country" : "Belgium", "telecom": {"phone":  "087 30 60 90"}}},
    {"nihii": "86350388101", "name": "CENTRE MEDICAL PROSANTE - PROGESUND MEDIZINISCHES ZENTRUM", "address": {"street":  "Am Marktpl", "zip":  "4760", "city" : "Büllingen", "country" : "Belgium", "telecom": {"phone":  "080 29 20 90"}}},
    {"nihii": "86350685101", "name": "CENTRE MEDICAL GPSMED", "address": {"street":  "Bergstraße 14", "zip":  "4700", "city" : "Eupen", "country" : "Belgium", "telecom": {"phone":  "087 59 50 50"}}},
    {"nihii": "86350784111", "name": "MAISON MEDICALE LE BRASERO", "address": {"street":  "Rue du Palais 151", "zip":  "4800", "city" : "Verviers", "country" : "Belgium", "telecom": {"phone":  "087 68 67 49"}}},
    {"nihii": "82951628111", "name": "MAISON MEDICALE MD", "address": {"street":  "Rue du Laekenveld 43", "zip":  "1080", "city" : "Bruxelles", "country" : "Belgium", "telecom": {"phone":  "02 424 33 80"}}},
    {"nihii": "82951727111", "name": "MAISON MEDICALE MORANVILLE", "address": {"street":  "Avenue de Selliers de Moranville 84", "zip":  "1082", "city" : "Berchem-Sainte-Agathe", "country" : "Belgium", "telecom": {"phone":  "02 346 06 26"}}},
    {"nihii": "82951826111", "name": "MAISON MEDICALE SOINS POUR TOUS", "address": {"street":  "", "zip":  "", "city" : "", "country" : "Belgium", "telecom": {"phone":  ""}}},
    {"nihii": "82951925111", "name": "MAISON MEDICALE DE GANSHOREN", "address": {"street":  "Avenue des Gloires Nationales 81", "zip":  "1083", "city" : "Ganshoren", "country" : "Belgium", "telecom": {"phone":  "02 380 87 10"}}},
    {"nihii": "86350883101", "name": "ÄRZTEHAUS KLOSTERSTRASSE - PRAXIS FÜR ALLGEMEINMEDIZIN", "address": {"street":  "Klosterstraße 17", "zip":  "4780", "city" : "St. Vith", "country" : "Belgium", "telecom": {"phone":  "080 33 01 99"}}},
    {"nihii": "87150045100", "name": "MEDISCH HUIS PRAKTIJK ZONHOVERHEIDE", "address": {"street":  "Zonhoverweg 35", "zip":  "3600", "city" : "Genk", "country" : "Belgium", "telecom": {"phone":  "089 36 39 39"}}},
    {"nihii": "87150144111", "name": "BUURTGEZONDHEIDSCENTRUM ALTHEA", "address": {"street":  "Risstraat 22", "zip":  "3600", "city" : "Genk", "country" : "Belgium", "telecom": {"phone":  "089 38 21 35"}}},
    {"nihii": "87150243101", "name": "GENEESKUNDE VOOR HET VOLK GENK", "address": {"street":  "Keinkesstraat 3", "zip":  "3600", "city" : "Genk", "country" : "Belgium", "telecom": {"phone":  "089 35 97 87"}}},
    {"nihii": "87150342101", "name": "MEDISCH CENTRUM SIRONA", "address": {"street":  "Weg naar As 31", "zip":  "3600", "city" : "Genk", "country" : "Belgium", "telecom": {"phone":  "089 20 11 20"}}},
    {"nihii": "87250015101", "name": "GENEESKUNDE VOOR HET VOLK LOMMEL", "address": {"street":  "Kapittelhof 12", "zip":  "3920", "city" : "Lommel", "country" : "Belgium", "telecom": {"phone":  "011 54 10 75"}}},
    {"nihii": "87350082101", "name": "BUURTGEZONDHEIDSCENTRUM DE RESTEL", "address": {"street":  "Valstraat 2", "zip":  "3570", "city" : "Alken", "country" : "Belgium", "telecom": {"phone":  "011 31 31 84"}}},
    {"nihii": "88150036111", "name": "MAISON MEDICALE PORTES SUD", "address": {"street":  "Rue de Bastogne 88", "zip":  "6700", "city" : "Arlon", "country" : "Belgium", "telecom": {"phone":  "063 23 59 63"}}},
    {"nihii": "88350172111", "name": "MAISON MEDICALE DE BARVAUX", "address": {"street":  "Rue du Ténimont 37", "zip":  "6940", "city" : "Barvaux", "country" : "Belgium", "telecom": {"phone":  "086 21 27 52"}}},
    {"nihii": "89250094111", "name": "MAISON MEDICALE DE BOMEL", "address": {"street":  "Rue Artoisenet 2", "zip":  "5000", "city" : "Namur", "country" : "Belgium", "telecom": {"phone":  "081 26 09 33"}}},
    {"nihii": "89250193111", "name": "MAISON MEDICALE LA BRUYERE", "address": {"street":  "Rue de Falisolle 199", "zip":  "5060", "city" : "Auvelais", "country" : "Belgium", "telecom": {"phone":  "071 74 24 85"}}},
    {"nihii": "89250292111", "name": "MAISON MEDICALE DU QUARTIER DES ARSOUILLES", "address": {"street":  "Rue St Nicolas 44", "zip":  "5000", "city" : "Namur", "country" : "Belgium", "telecom": {"phone":  "081 26 01 91"}}},
    {"nihii": "89250391111", "name": "MAISON MEDICALE DES BALANCES", "address": {"street":  "Rue des Bosquets 46/13", "zip":  "5000", "city" : "Namur", "country" : "Belgium", "telecom": {"phone":  "081 73 75 78"}}},
    {"nihii": "89250490111", "name": "MAISON MEDICALE LA POUDRIERE", "address": {"street":  "Rue de la Poudrière 25", "zip":  "5100", "city" : "Namur", "country" : "Belgium", "telecom": {"phone":  "081 30 69 11"}}},
    {"nihii": "89950177111", "name": "MAISON MEDICALE LE CAR D'OR", "address": {"street":  "Avenue de Jemappes 135", "zip":  "7000", "city" : "Mons", "country" : "Belgium", "telecom": {"phone":  "065 34 88 01"}}},
    {"nihii": "89950276101", "name": "GENEESKUNDE VOOR HET VOLK DEURNE", "address": {"street":  "Sint-Rochusstraat 57", "zip":  "2100", "city" : "Antwerpen", "country" : "Belgium", "telecom": {"phone":  "03 320 85 20"}}}
  ]
}
